"DATE";"US_EUR.x";"WTISPOT";"CPI_USA";"CPU";"Consumer_sentiment";"EMV_commodity";"EMV_elections";"EMV_energy";"EMV_USA";"EPU_China";"EPU_USA";"FED";"GAS";"IRON";"PPI_sand";"US_EUR.y"
1999-01-01;1,1591;12,47;72,364306605049;74,13790557;103,9;15,53988;0,6216;0,39556;34,01822;260,050423803894;98,64504;4,63;1,85;11,93;131,9;1,1591
1999-02-01;1,1203;12,01;72,5294276697496;55,12147966;108,1;8,94182;0,37706;0,26933;21,43883;212,133158330475;82,38359;4,76;1,77;11,93;132,3;1,1203
1999-03-01;1,0886;14,66;72,7358290006254;94,39361171;105,7;10,3201;0,30503;0,45754;22,87707;309,743378274956;66,00054;4,81;1,79;11,93;132,2;1,0886
1999-04-01;1,0701;17,34;72,9835105976764;73,2387762;104,6;9,72882;0,43346;0,04816;21,43229;287,197806291863;67,53295;4,74;2,15;11,93;132,2;1,0701
1999-05-01;1,063;17,75;72,900950065326;36,90790935;106,8;8,68071;0,67517;0,24113;19,48337;298,989173215704;67,08854;4,74;2,26;11,93;134,8;1,063
1999-06-01;1,0377;17,89;72,900950065326;51,39378531;107,3;8,45062;0,70005;0,30002;20,60151;188,436508336358;73,01111;4,76;2,3;11,93;134,8;1,0377
1999-07-01;1,037;20,07;73,0247908638515;53,04863344;106;9,20165;0,38802;0,27716;23,39215;179,531378724069;79,81311;4,99;2,31;11,93;134,8;1,037
1999-08-01;1,0605;21,26;73,1073513962018;42,61270724;104,5;10,60636;0,71104;0,47403;26,13074;271,313513336396;69,55318;5,07;2,8;11,93;134,8;1,0605
1999-09-01;1,0497;23,88;73,3550329932528;48,70340389;107,2;9,32355;0,37725;0,21557;22,09628;330,86958486273;69,81624;5,22;2,55;11,93;134,8;1,0497
1999-10-01;1,0706;22,64;73,6027145903037;44,88894739;103,2;11,95451;0,41946;0,26216;25,32469;140,070108726809;62,71155;5,2;2,73;11,93;134,8;1,0706
1999-11-01;1,0328;24,97;73,6439948564788;48,6570554;107,2;8,77189;0,31706;0,15853;19,44613;116,403514721453;82,06383;5,42;2,37;11,93;134,8;1,0328
1999-12-01;1,011;26,08;73,5614343241285;81,87298677;105,4;8,03683;0,84598;0,15862;17,23688;245,872524916024;83,80947;5,3;2,36;11,93;134,8;1,011
2000-01-01;1,0131;27,18;73,8091159211795;68,31159087;112;8,19618;0,40981;0;24,4129;58,98450388;89,20154;5,45;2,42;12,45;134,9;1,0131
2000-02-01;0,9834;29,35;74,0980777844056;46,02471835;111,3;7,49682;0,40998;0;19,91344;15,91917893;77,60139;5,73;2,66;12,45;136,4;0,9834
2000-03-01;0,9643;29,89;74,5108804461571;35,05368162;107,1;10,73569;1,29958;0,11301;26,10467;46,51684733;77,54831;5,85;2,79;12,45;136,2;0,9643
2000-04-01;0,9449;25,74;74,6760015108578;47,90848398;109,2;15,39258;0,6719;0,18325;43,42907;28,30297269;76,05923;6,02;3,04;12,45;136,2;0,9449
2000-05-01;0,9059;28,78;74,6760015108578;63,21925829;110,7;11,72202;0,80053;0,2859;34,30836;31,42203087;97,9862;6,27;3,59;12,45;136,2;0,9059
2000-06-01;0,9505;31,83;74,7172817770329;75,55926217;106,4;8,78118;0,91829;0,17218;24,22;43,22094891;92,96502;6,53;4,29;12,45;136,7;0,9505
2000-07-01;0,9386;29,77;74,8411225755584;40,69510219;108,3;8,06481;0,44191;0,11048;20,32775;42,66123811;79,44697;6,54;3,99;12,45;136,7;0,9386
2000-08-01;0,9045;31,22;75,006243640259;55,14588067;107,3;7,1337;0,90502;0,15971;18,0472;27,39628704;66,58133;6,5;4,43;12,45;136,7;0,9045
2000-09-01;0,8695;33,88;75,2539252373099;71,03655763;106,8;8,52203;0,58957;0,32159;18,59839;31,49993892;75,14165;6,52;5,06;12,45;136,7;0,8695
2000-10-01;0,8525;33,08;75,4603265681857;70,58561769;105,8;15,47532;1,5845;0,3169;28,46826;42,28805325;84,66172;6,51;5,02;12,45;136,7;0,8525
2000-11-01;0,8552;34,4;75,542887100536;109,5600241;107,6;12,10298;7,17213;0,28016;30,64967;10,11133275;125,06753;6,51;5,52;12,45;136,7;0,8552
2000-12-01;0,8983;28,46;75,4603265681857;66,28478324;98,4;13,351;4,17614;0,88585;34,10517;48,47464547;115,26872;6,4;8,9;12,45;136,9;0,8983
2001-01-01;0,9376;29,58;75,7492884314118;100,4816768;94,7;10,87123;0,99331;0,66221;28,86119;52,62861578;111,41604;5,98;8,17;12,99;137,4;0,9376
2001-02-01;0,9205;29,61;76,1208108269882;90,9684846;90,6;7,11344;0,28006;0,16803;20,94825;40,72209758;110,91785;5,49;5,61;12,99;139;0,9205
2001-03-01;0,9083;27,24;76,4923332225646;93,88492055;91,5;11,02766;0,47037;0,47037;31,14923;58,16461627;116,02693;5,31;5,23;12,99;140,3;0,9083
2001-04-01;0,8925;27,41;76,6161740210901;90,85312226;88,4;9,91561;0,47468;0,3692;27,16244;26,10220578;122,6734;4,8;5,19;12,99;141,5;0,8925
2001-05-01;0,8753;28,64;76,5748937549149;108,0645824;92;7,14895;0,32495;0,10832;22,1509;27,74165868;100,42901;4,21;4,19;12,99;141,5;0,8753
2001-06-01;0,853;27,6;76,7400148196156;113,7365429;92,6;5,68742;0,27083;0,325;17,06226;41,25226474;86,39027;3,97;3,72;12,99;141,5;0,853
2001-07-01;0,8615;26,45;76,863855618141;92,44396622;92,4;7,42084;0,28109;0,11244;22,31875;30,33482603;102,13185;3,77;3,11;12,99;141,5;0,8615
2001-08-01;0,9014;27,47;77,0289766828416;73,273651;91,5;6,67511;0,33376;0,33376;19,9697;38,78087531;84,28912;3,65;2,97;12,99;141,5;0,9014
2001-09-01;0,9114;25,88;77,2353780137174;104,0768634;81,8;17,36186;0,71261;0,19435;42,43291;43,49153501;188,05949;3,07;2,19;12,99;140,1;0,9114
2001-10-01;0,905;22,21;77,4417793445932;100,3506418;82,7;11,37489;0,30882;0,15441;29,33796;51,09976936;173,14334;2,49;2,46;12,99;140,1;0,905
2001-11-01;0,8883;19,67;77,648180675469;79,42252081;83,9;10,13108;0,11578;0,34735;26,39871;53,28476419;130,57563;2,09;2,34;12,99;140,1;0,8883
2001-12-01;0,8912;19,33;77,5243398769436;76,21255298;88,8;8,9711;0,41588;0,35647;24,35863;60,70131235;117,23658;1,82;2,3;12,99;140,1;0,8912
2002-01-01;0,8832;19,67;77,6894609416441;64,90589125;93;11,30684;0,53278;1,00637;28,65188;62,38264445;116,83745;1,73;2,32;12,68;142,4;0,8832
2002-02-01;0,8707;20,74;78,1022636033957;110,4691031;90,7;8,2048;0,11638;0,29095;24,84717;40,89060422;87,60069;1,74;2,32;12,68;142,4;0,8707
2002-03-01;0,8766;24,42;78,3499452004466;62,49144113;95,7;7,1925;0,20848;0,20848;17,77277;54,13427806;83,44043;1,73;3,03;12,68;142,4;0,8766
2002-04-01;0,886;26,27;78,5563465313224;93,90980592;93;8,69875;0,45783;0,45783;20,08723;45,87688992;88,5661;1,75;3,43;12,68;143,7;0,886
2002-05-01;0,917;27,02;78,5150662651473;59,36087039;96,9;7,30863;0,16122;0,32244;18,91645;46,98545817;86,29886;1,75;3,5;12,68;143,6;0,917
2002-06-01;0,9561;25,52;78,4737859989721;105,1377443;92,4;9,38051;0,58628;0,4104;24,79973;30,36735404;93,61022;1,75;3,26;12,68;143,6;0,9561
2002-07-01;0,9935;26,94;78,5563465313224;89,29076438;88,1;18,90335;0,722;0,52509;51,59039;54,34513958;110,30517;1,73;2,99;12,68;143,6;0,9935
2002-08-01;0,9781;28,38;78,8453083945485;126,9246319;87,6;13,73029;0,59126;0,45987;39,48278;44,13366267;116,01482;1,74;3,09;12,68;143,6;0,9781
2002-09-01;0,9806;29,67;78,969149193074;100,9248128;86,1;11,92603;1,2488;0,18732;31,96925;55,47708073;124,04315;1,75;3,55;12,68;143,6;0,9806
2002-10-01;0,9812;28,85;79,1755505239498;102,8782854;80,6;11,2218;1,07386;0,21477;31,46399;56,66385825;111,88598;1,75;4,13;12,68;143,6;0,9812
2002-11-01;1,0013;26,27;79,1755505239498;58,90880378;84,2;8,47045;1,08012;0,22739;23,5922;59,87563908;123,28439;1,34;4,04;12,68;143,6;1,0013
2002-12-01;1,0194;29,42;79,0104294592492;84,16593885;86,7;8,88619;0,83832;0,33533;24,47894;91,01698588;122,22166;1,24;4,74;12,68;143,6;1,0194
2003-01-01;1,0622;32,94;79,1755505239498;84,1561725;82,4;12,15232;0,71484;0,16496;26,33919;46,17538027;138,9534;1,24;5,43;13,82;144,9;1,0622
2003-02-01;1,0785;35,87;79,4645123871759;76,86654288;79,9;9,63721;0,24245;0,12122;22,72928;27,99059579;126,72774;1,26;7,71;13,82;151,1;1,0785
2003-03-01;1,0797;33,55;79,6709137180516;86,26357192;77,6;15,47368;0,32237;0,05373;30,03399;71,17307215;163,52381;1,25;5,93;13,82;151,1;1,0797
2003-04-01;1,0862;28,25;79,7121939842268;62,89947717;86;10,63206;0,75176;0,16109;25,45252;101,5685022;135,62755;1,26;5,26;13,82;149,9;1,0862
2003-05-01;1,1556;28,14;79,753474250402;70,57107226;92,1;7,3643;0,26682;0,16009;20,70543;68,83051993;102,61982;1,26;5,81;13,82;149,9;1,1556
2003-06-01;1,1674;30,72;79,6709137180516;67,13287061;89,7;6,68431;0,3183;0,37135;20,10598;54,98127915;95,82729;1,22;5,82;13,82;149,9;1,1674
2003-07-01;1,1365;30,76;79,753474250402;56,13459607;90,9;7,65934;0,33545;0,22363;20,6858;85,33410614;91,74151;1,01;5,03;13,82;149,9;1,1365
2003-08-01;1,1155;31,59;79,8773150489274;69,99804211;89,3;6,31661;0,37792;0,26994;17,6541;61,09827881;95,67182;1,03;4,99;13,82;149,9;1,1155
2003-09-01;1,1267;28,29;79,9185953151026;60,61973696;87,7;5,50059;0,42723;0,26702;15,3803;49,72216012;106,11577;1,01;4,62;13,82;149,9;1,1267
2003-10-01;1,1714;30,33;80,2075571783287;50,96979809;89,6;5,8944;0,31497;0,13499;14,84848;62,86618255;88,04379;1,01;4,63;13,82;150,2;1,1714
2003-11-01;1,171;31,09;80,0424361136281;59,83214537;93,7;5,08096;0,4314;0,04793;12,07927;38,85626513;84,91824;1;4,47;13,82;149,7;1,171
2003-12-01;1,2298;32,15;79,9185953151026;68,71494404;92,6;5,61922;0,42409;0,10602;15,00226;53,13373679;91,73699;0,98;6,13;13,82;149,7;1,2298
2004-01-01;1,2638;34,27;80,0837163798032;38,61809795;103,8;6,87225;1,05727;0,10573;16,86345;55,86837054;96,56646;1;6,14;16,39;151;1,2638
2004-02-01;1,264;34,74;80,4552387753796;67,40422286;94,4;4,10497;0,41569;0,25981;12,7306;57,55554258;99,4573;1,01;5,37;16,39;151,6;1,264
2004-03-01;1,2261;36,76;80,9506019694815;82,45697345;95,8;6,23973;0,58044;0,14511;15,04307;47,8987523;96,78947;1;5,39;16,39;151,6;1,2261
2004-04-01;1,1989;36,69;81,1157230341821;43,6560779;94,2;7,78181;0,46382;0,10307;16,64586;58,92070524;94,11529;1;5,71;16,39;151,6;1,1989
2004-05-01;1,2;40,28;81,1157230341821;75,73579285;90,2;8,20578;0,67946;0,1568;16,62062;37,12159777;92,32118;1;6,33;16,39;151,6;1,2
2004-06-01;1,2146;38,02;81,1570033003573;76,40351578;95,6;7,36297;0,31332;0,15666;14,77816;51,07455418;85,34598;1,03;6,27;16,39;151,6;1,2146
2004-07-01;1,2266;40,69;81,1570033003573;64,87805109;96,7;7,27353;1,11046;0,11105;17,4898;47,37072801;87,54419;1,26;5,93;16,39;151,6;1,2266
2004-08-01;1,2191;44,94;81,2395638327076;44,4551359;95,9;8,56524;1,34154;0,20639;15,68574;44,32878307;85,92587;1,43;5,41;16,39;150,7;1,2191
2004-09-01;1,2224;45,95;81,4872454297586;57,56079751;94,2;7,55895;1,02148;0;14,30072;34,60433438;100,01189;1,61;5,15;16,39;150,7;1,2224
2004-10-01;1,2507;53,13;81,8174875591598;106,964105;91,7;9,23018;2,0955;0,29936;15,51667;61,89868006;105,69511;1,76;6,35;16,39;150,7;1,2507
2004-11-01;1,2997;48,46;81,7762072929846;61,64114862;92,8;7,59281;1,57093;0,15709;13,92888;48,65249522;95,24086;1,93;6,17;16,39;152,7;1,2997
2004-12-01;1,3406;43,33;81,6523664944592;62,72790324;97,1;7,57618;0,56692;0,15462;17,00774;73,23189522;77,59643;2,16;6,58;16,39;152,7;1,3406
2005-01-01;1,3123;46,84;81,9000480915101;66,64796341;95,5;8,36059;1,25409;0,26127;17,34822;48,80532803;73,91848;2,28;6,15;28,11;156,1;1,3123
2005-02-01;1,3013;47,97;82,3541310194368;66,01685432;94,1;5,25339;0,27649;0;13,99061;39,65326665;58,95005;2,5;6,14;28,11;156,1;1,3013
2005-03-01;1,3185;54,31;82,8494942135387;63,7167658;92,6;6,97237;0,3366;0,14426;14,56986;41,16379089;57,55796;2,63;6,96;28,11;156,1;1,3185
2005-04-01;1,2943;53,04;82,932054745889;57,15721314;87,7;9,81615;0,46013;0,15338;18,86542;79,47127508;74,56597;2,79;7,16;28,11;158,7;1,2943
2005-05-01;1,2697;49,83;82,8907744797138;56,46791712;86,9;7,98773;0,15361;0,25602;16,5387;23,71642907;70,50812;3;6,47;28,11;158,7;1,2697
2005-06-01;1,2155;56,26;82,8082139473635;72,70385309;96;7,05537;0,20905;0,05226;16,72385;46,79182074;74,56133;3,04;7,18;28,11;159;1,2155
2005-07-01;1,2041;58,7;82,8907744797138;94,03488199;96,5;7,37893;0,28381;0,1419;13,62265;61,57892682;68,71645;3,26;7,63;28,11;159,6;1,2041
2005-08-01;1,2295;64,97;82,9733350120642;49,40855967;89,1;8,96271;0,05709;0,11417;17,18328;59,42799789;64,39586;3,5;9,53;28,11;159,9;1,2295
2005-09-01;1,2234;65,57;83,0971758105896;106,6390575;76,9;8,38369;0,09581;0,28744;15,09064;69,96823336;91,40605;3,62;11,75;28,11;161,1;1,2234
2005-10-01;1,2022;62,37;83,5099784723412;47,23708926;74,2;8,80863;0,31784;0,22703;15,21078;52,49449423;76,16369;3,78;13,42;28,11;157,9;1,2022
2005-11-01;1,1789;58,3;83,5099784723412;38,17054774;81,6;6,21367;0,15534;0,10356;13,51473;35,51594974;72,21598;4;10,3;28,11;159,9;1,1789
2005-12-01;1,1861;59,43;83,4274179399909;74,25979964;91,5;7,05104;0,33576;0,2798;14,15804;64,14776984;78,04893;4,16;13,05;28,11;159,4;1,1861
2006-01-01;1,2126;65,51;83,6338192708666;35,13993325;91,2;8,86248;0,45449;0,17043;17,61133;97,78352513;79,17535;4,29;8,69;33,45;162;1,2126
2006-02-01;1,194;61,63;84,0466219326182;50,27802138;86,7;6,27086;0,15171;0,05057;12,64287;63,49165087;72,69299;4,49;7,54;33,45;162,5;1,194
2006-03-01;1,2028;62,9;84,5832653928952;52,31544467;88,9;5,25734;0,41873;0,04653;13,72491;55,14808161;64,22933;4,59;6,89;33,45;162,5;1,2028
2006-04-01;1,2273;69,69;84,8309469899462;66,08489137;87,4;7,39874;0,14603;0,1947;14,35939;59,35218542;79,76153;4,79;7,16;33,45;162,5;1,2273
2006-05-01;1,2767;70,94;84,9135075222965;73,70336115;79,1;9,80825;0,26366;0,3164;17,61267;37,87595456;70,83626;4,94;6,25;33,45;162,5;1,2767
2006-06-01;1,2661;70,96;84,9960680546468;154,3690114;84,9;10,14112;0,51275;0;17,37663;46,96744424;79,49433;4,99;6,21;33,45;162,5;1,2661
2006-07-01;1,2681;74,41;85,1199088531723;28,16192749;84,7;10,02631;0,5186;0,23049;18,61206;55,85743267;80,56231;5,24;6,17;33,45;163,3;1,2681
2006-08-01;1,281;73,05;85,326310184048;54,90004867;82;9,32531;0,11168;0,22336;17,9247;59,3136178;72,76996;5,25;7,14;33,45;163,3;1,281
2006-09-01;1,2722;63,87;85,5327115149238;39,54087432;85,4;7,39317;1,13362;0,14786;13,80059;24,8763386;67,06754;5,25;4,9;33,45;163,4;1,2722
2006-10-01;1,2617;58,88;85,7803931119748;68,82703309;93,6;7,86962;0,47985;0,14396;14,63558;70,7632217;63,46447;5,25;5,85;33,45;163,4;1,2617
2006-11-01;1,2888;59,37;85,6978325796245;108,0276738;92,1;5,56048;0,56918;0,04378;12,12798;59,04700638;62,51985;5,25;7,41;33,45;166,6;1,2888
2006-12-01;1,3205;62,03;85,573991781099;78,90933271;91,7;7,85337;0,79944;0,09405;15,56565;64,14934971;63,37041;5,24;6,73;33,45;166,4;1,3205
2007-01-01;1,2993;54,57;85,8666688682809;144,0540974;96,9;8,34475;0,36085;0,31575;14,47927;28,99723042;79,01967;5,25;6,55;36,63;172,1;1,2993
2007-02-01;1,308;59,26;86,3219902041928;103,0612095;91,3;8,58641;0,45726;0,50807;15,24215;39,75543733;57,20262;5,26;8;36,63;172,1;1,308
2007-03-01;1,3246;60,56;86,6567731628734;144,2987446;88,4;12,04361;0,41371;0,22984;26,01788;60,24590986;69,88729;5,26;7,11;36,63;172,2;1,3246
2007-04-01;1,3513;63,97;86,816940595633;95,45865419;87,1;8,518;0,40562;0,40562;18,74861;41,06160056;62,5017;5,25;7,6;36,63;172,2;1,3513
2007-05-01;1,3518;63,46;86,8190046089417;73,13173818;88,3;7,42785;0,36456;0,13671;16,40508;37,01333131;74,68187;5,25;7,64;36,63;172,4;1,3518
2007-06-01;1,3421;67,48;86,8842274294985;139,3785174;85,3;8,43422;0,60577;0,13979;18,91876;44,43644407;73,29654;5,25;7,35;36,63;172,8;1,3421
2007-07-01;1,3726;74,18;87,0006377801124;95,55404747;90,4;11,9343;0,36165;0,36165;25,21186;58,83501566;59,32398;5,26;6,22;36,63;172,7;1,3726
2007-08-01;1,3626;72,39;87,1471827250342;58,33753402;83,4;15,30972;0,46866;0,15622;40,30518;50,13804935;89,10405;5,02;6,22;36,63;172,7;1,3626
2007-09-01;1,391;79,93;87,3606017011598;78,43022502;83,4;10,60999;0,9509;0,60057;25,32384;59,03321823;100,74438;4,94;6,08;36,63;172,7;1,391
2007-10-01;1,4233;86,2;87,6454355377684;88,06308914;80,9;10,49521;0,09763;0,3417;22,74775;55,08271211;89,45453;4,76;6,74;36,63;172,8;1,4233
2007-11-01;1,4683;94,62;87,6937334491933;110,1625404;76,1;13,14973;0,5759;0,28795;23,46795;46,67106496;102,44111;4,49;7,1;36,63;172,9;1,4683
2007-12-01;1,4559;91,73;87,6611220389149;163,2573241;75,5;10,59465;0,92575;0,61716;26,12662;84,05054526;108,54379;4,24;7,11;36,63;173,5;1,4559
2008-01-01;1,4728;92,95;87,9839337204046;94,64850879;78,4;17,38283;1,06643;0,42657;34,55238;82,04292545;144,98473;3,94;7,99;60,8;180,7;1,4728
2008-02-01;1,4759;95,35;88,2844540581598;96,94351639;70,8;11,58005;0,6176;0,36027;23,82917;54,38575826;108,10469;2,98;8,54;60,8;180,1;1,4759
2008-03-01;1,552;105,56;88,6972567199114;55,12816288;69,5;13,85037;0,66406;0,47433;28,79169;135,9465055;111,71236;2,61;9,41;60,8;179,8;1,552
2008-04-01;1,5754;112,57;88,7769276336294;93,90177954;62,6;9,73809;0,88954;0,42136;22,19162;91,60267924;102,1969;2,28;10,18;60,8;179,8;1,5754
2008-05-01;1,5554;125,39;88,8268767557013;85,66721683;59,8;9,20345;0,37952;0,2372;18,92874;67,59962873;94,28405;1,98;11,27;60,8;180;1,5554
2008-06-01;1,5562;133,93;88,9808521485347;77,59509203;56,4;9,47917;0,17718;0,39866;18,24961;62,94436205;94,55676;2;12,69;60,8;180,2;1,5562
2008-07-01;1,5759;133,44;89,1839510581164;109,0399252;61,2;15,04626;0,56353;0,45082;27,89475;126,0443442;109,78898;2,01;11,09;60,8;180,3;1,5759
2008-08-01;1,4955;116,61;89,3618690053314;90,8978408;63;9,70248;0,50343;0,22883;18,81;128,4167412;95,87076;2;8,26;60,8;179,9;1,4955
2008-09-01;1,4342;103,9;89,5212108327675;100,1195376;70,3;23,2205;0,99605;0,56028;55,96577;103,9330504;187,7403;1,81;7,67;60,8;179,8;1,4342
2008-10-01;1,3266;76,65;89,5876720613095;132,771247;57,6;30,46125;1,22089;0,85462;69,835;150,5302522;189,91729;0,97;6,74;60,8;179,8;1,3266
2008-11-01;1,2744;57,44;89,4502087749462;103,917627;55,3;15,75016;1,92368;0,60115;36,67022;126,0783957;148,84257;0,39;6,68;60,8;191,6;1,2744
2008-12-01;1,3511;41,02;89,2066552045128;124,9957876;60,1;12,94722;0,29695;0,47513;29,51727;125,1415112;145,9947;0,16;5,82;69,9826086956522;194,6;1,3511
2009-01-01;1,3244;41,74;89,462180052137;104,2598946;61,2;12,51303;0,17876;0,53627;31,16341;133,947781;171,94621;0,15;5,24;72,5090909090909;203,4;1,3244
2009-02-01;1,2797;39,16;89,860947423389;149,8963892;56,3;11,99887;0,38499;0,76998;33,23752;102,8741879;187,11403;0,22;4,52;75,59;203,4;1,2797
2009-03-01;1,305;47,98;90,2547611627;128,8941015;57,3;11,91191;0,11972;0,53873;34,05968;116,0514077;166,90338;0,18;3,96;64,0727272727273;207,8;1,305
2009-04-01;1,3199;49,79;90,4628137042228;84,95848139;65,1;9,06115;0,27625;0,16575;24,75241;81,10388061;131,85612;0,15;3,5;59,7818181818182;208,1;1,3199
2009-05-01;1,3646;59,16;90,4566216642965;87,87758408;68,7;7,87132;0,05918;0,47346;24,97516;57,25819516;138,80585;0,18;3,83;62,6904761904762;208,2;1,3646
2009-06-01;1,4014;69,68;90,520606076868;88,24678604;70,8;9,27741;0,06488;0,51902;22,38257;179,8466198;130,93348;0,21;3,8;71,6590909090909;207,4;1,4014
2009-07-01;1,4092;64,09;90,5482638552053;71,64657962;66;8,48563;0,21898;0,43797;20,36552;134,7848897;126,28215;0,16;3,38;83,9521739130435;207,4;1,4092
2009-08-01;1,4266;71,06;90,6498133099962;77,37370337;65,7;7,33773;0,21904;0,2738;19,76807;121,9350516;152,55009;0,16;3,14;97,6666666666667;207,5;1,4266
2009-09-01;1,4575;69,46;90,8731395500038;97,78104702;73,5;6,45095;0,05245;0,10489;18,56616;190,3161026;145,44437;0,15;2,99;80,7136363636364;207,5;1,4575
2009-10-01;1,4821;75,82;91,1183443310843;95,41781309;70,6;7,71954;0;0,21295;19,05928;121,2544527;138,13055;0,12;4,01;86,7863636363636;207,5;1,4821
2009-11-01;1,4908;78,08;90,9751018074564;94,59573833;67,4;8,33209;0,17239;0,22985;19,36492;123,0599435;116,16231;0,12;3,66;99,2571428571429;207,5;1,4908
2009-12-01;1,4579;74,3;90,8269056518876;108,599606;72,5;7,12581;0,10108;0,15161;14,9086;103,5806473;121,22101;0,12;5,35;105,247826086957;206,8;1,4579
2010-01-01;1,4266;78,22;90,8520866142545;110,484442;74,4;9,3962;0,41108;0,35236;22,08107;119,1620388;149,35928;0,11;5,83;125,914285714286;207,2;1,4266
2010-02-01;1,368;76,42;91,0650927877183;62,89395715;73,6;6,21306;0;0,27737;18,19538;106,0494584;132,79865;0,13;5,32;127,615;207,2;1,368
2010-03-01;1,357;81,24;91,2537436041388;78,89089656;73,6;6,06253;0,1073;0,26825;17,00726;143,9223773;137,47003;0,16;4,29;139,769565217391;207,2;1,357
2010-04-01;1,3417;84,48;91,2979134889462;106,3566412;72,2;8,48559;0,17085;0,4556;20,616;95,04216108;137,0774;0,2;4,03;172,468181818182;207,3;1,3417
2010-05-01;1,2563;73,84;91,3090591608135;160,3571125;73,6;11,89705;0,16524;0,38555;26,76836;106,9251537;151,10342;0,2;4,14;161,347619047619;207,3;1,2563
2010-06-01;1,2223;75,35;91,3387809524596;133,244876;76;9,71554;0,17045;0,3409;21,07875;138,4905103;140,56916;0,18;4,8;143,631818181818;207,3;1,2223
2010-07-01;1,2811;76,37;91,3358913338273;101,4714332;67,8;9,50746;0,11594;0,69567;21,91355;127,5013123;180,01446;0,18;4,63;126,363636363636;207,3;1,2811
2010-08-01;1,2903;76,82;91,4568425137205;117,5594535;68,9;6,53813;0,05316;0,31893;16,90346;95,15978271;147,30909;0,19;4,32;145,340909090909;207,3;1,2903
2010-09-01;1,3103;75,31;91,6038002613041;130,1349564;68,2;6,75502;0,20785;0,25981;17,19933;82,11461538;182,14672;0,19;3,89;140,627272727273;207,1;1,3103
2010-10-01;1,3901;81,9;91,6748023191254;111,2400513;67,7;7,24511;0,34737;0,24812;17,02104;97,89968256;163,42489;0,19;3,43;148,480952380952;207;1,3901
2010-11-01;1,3654;84,14;91,6739767138018;136,9150292;71,6;6,93813;0,22748;0,28435;17,11786;93,28746339;179,13559;0,19;3,71;160,55;212,3;1,3654
2010-12-01;1,3221;89,04;91,5575663631879;101,3182573;74,5;4,99405;0,05488;0,16464;14,10408;125,7659377;165,40785;0,18;4,25;168,526086956522;213,7;1,3221
2011-01-01;1,3371;89,42;91,715256979977;127,3389565;74,2;8,13149;0,45811;0,45811;18,03816;155,0462553;142,17046;0,17;4,49;179,63;215,8;1,3371
2011-02-01;1,3656;89,58;92,0595343998778;98,93989728;77,5;5,7832;0,21823;0,10912;13,25772;59,00743678;145,5089;0,16;4,09;187,18;217;1,3656
2011-03-01;1,402;102,94;92,3398274072071;158,3348152;67,5;9,98522;0,11747;0,46989;18,44328;120,7701324;174,35437;0,14;3,97;169,35652173913;218,6;1,402
2011-04-01;1,446;110,04;92,5165069464368;156,5996617;69,8;8,20142;0,22166;0,11083;16,56908;135,1717412;157,49588;0,1;4,24;179,261111111111;218,6;1,446
2011-05-01;1,4335;101,33;92,6882328537254;91,33076941;74,3;7,90259;0,11884;0,17825;14,9139;74,12288335;126,19207;0,09;4,31;177,095;218,6;1,4335
2011-06-01;1,4403;96,29;92,8356034039708;59,11603107;71,5;8,11779;0,35552;0,35552;18,84275;102,6547133;158,08862;0,09;4,54;170,877272727273;218,6;1,4403
2011-07-01;1,4275;97,19;92,9482985306289;91,92938524;63,7;11,26368;0,13409;0,13409;25,27623;99,84159509;197,91636;0,07;4,42;172,97619047619;218,6;1,4275
2011-08-01;1,4333;86,33;93,2413884204725;110,5044995;55,8;26,97783;0,45596;0,91193;60,87111;140,2647613;245,12671;0,1;4,06;177,45;218,6;1,4333
2011-09-01;1,3747;85,61;93,4127015250994;146,1423927;59,5;11,60968;0,38065;0,69785;28,10431;142,514988;204,62979;0,08;3,9;177,227272727273;218,8;1,3747
2011-10-01;1,3732;86,41;93,6001139335346;119,1632996;60,8;10,03704;0,48082;0,36061;29,69039;157,7215381;159,73957;0,07;3,57;150,433333333333;218,8;1,3732
2011-11-01;1,3558;97,21;93,6479990422978;99,35573803;63,7;8,90293;0,18169;0,12113;22,28761;161,8502214;166,33902;0,08;3,24;135,540909090909;218,8;1,3558
2011-12-01;1,3155;98,57;93,5988755255494;116,1878298;69,9;9,45779;0,33778;0;23,17159;159,6143965;189,39836;0,07;3,17;136,455;219;1,3155
2012-01-01;1,291;100,24;93,8040384484399;80,74488538;75;8,15909;1,20875;0,24175;21,87844;120,4490894;178,28653;0,08;2,67;140,347619047619;232,3;1,291
2012-02-01;1,3238;102,25;94,0632785200199;112,6796531;75,3;7,40273;0,21354;0,42708;18,29328;139,152505;149,63708;0,1;2,51;140,395238095238;232,9;1,3238
2012-03-01;1,3208;106,19;94,4224168357438;63,93076739;76,2;5,63122;0,55088;0,30604;16,09793;136,7797916;137,55311;0,13;2,17;144,663636363636;236;1,3208
2012-04-01;1,316;103,33;94,6568887476186;73,02971107;76,4;5,76563;0,47066;0,29416;15,3554;126,3162952;136,59669;0,14;1,95;147,647368421053;236;1,316
2012-05-01;1,2806;94,7;94,7803167434824;117,7498969;79,3;9,29196;1,47067;0,26739;22,26058;133,1500448;158,56198;0,16;2,43;136,272727272727;235,4;1,2806
2012-06-01;1,2541;82,41;94,8946630807875;111,2162288;73,2;8,82958;1,43737;0,06845;22,65574;139,038172;194,61057;0,16;2,46;134,621052631579;235,4;1,2541
2012-07-01;1,2278;87,93;94,9004423180521;108,9114695;72,3;7,49814;1,02916;0,44107;19,92154;120,4032902;184,8797;0,16;2,95;127,936363636364;235,4;1,2278
2012-08-01;1,2406;94,16;95,0255215245628;119,2321322;74,3;6,85585;0,61764;0,30882;16,61462;78,76684521;152,35347;0,13;2,84;107,795454545455;235,4;1,2406
2012-09-01;1,2885;94,72;95,2665982790257;91,57525933;78,3;6,34697;1,09851;0,30514;16,11155;120,4692178;175,27705;0,14;2,85;99,47;235,4;1,2885
2012-10-01;1,2974;89,57;95,4713483992545;83,92417188;82,6;7,5532;1,23089;0,6714;17,12059;113,1046342;165,94452;0,16;3,32;113,947826086957;235,4;1,2974
2012-11-01;1,2837;86,66;95,4659819646517;146,0921831;82,7;6,20295;1,79559;0,10882;15,50737;122,3191181;187,49064;0,16;3,54;120,345454545455;235,4;1,2837
2012-12-01;1,3119;88,25;95,3710373524489;92,05358948;72,9;6,78174;0,71387;0,20396;16,36797;142,077437;192,82518;0,16;3,34;128,873684210526;235,4;1,3119
2013-01-01;1,3304;94,69;95,610050093603;103,7850054;73,8;6,3272;0,68279;0,36416;17,5705;130,1575789;157,5333;0,14;3,33;150,490909090909;230,2;1,3304
2013-02-01;1,3347;95,32;95,9485482762393;66,40136197;77,6;6,64318;0,35378;0,11793;18,75028;84,2713502;114,65412;0,15;3,33;154,638888888889;228,7;1,3347
2013-03-01;1,2953;93,05;96,2044859265252;58,07249263;78,6;6,43836;0,26279;1,88333;17,91352;90,5134379;124,94082;0,14;3,81;139,87;227,7;1,2953
2013-04-01;1,3025;92,07;96,2804416162876;93,14080833;76,4;4,49069;0,10091;0,20183;15,79309;119,6711113;118,71049;0,15;4,17;137,390909090909;227,2;1,3025
2013-05-01;1,2983;94,8;96,3737350178434;38,09209394;84,5;4,92021;0,1988;0,54669;15,00913;71,52192778;104,30455;0,11;4,04;124,009523809524;223,1;1,2983
2013-06-01;1,3197;95,8;96,4472138916352;68,2699011;84,1;6,05237;0,09762;0,5369;16,88806;102,7161109;114,61614;0,09;3,83;114,815;222,3;1,3197
2013-07-01;1,3088;104,61;96,5099598962214;101,9347457;85,1;5,81834;0,20967;0,47176;15,04382;76,2399961;94,03991;0,09;3,62;127,191304347826;222,3;1,3088
2013-08-01;1,3314;106,57;96,7023259365976;50,58586036;82,1;4,79484;0,25779;0,25779;13,40493;100,9112249;102,77067;0,08;3,43;137,055;219,1;1,3314
2013-09-01;1,3364;106,29;96,9186345313555;106,1156416;77,5;7,25898;0,17147;0,34294;19,14769;100,9327663;144,40178;0,08;3,62;134,185714285714;220,5;1,3364
2013-10-01;1,3646;100,54;97,0754995428211;100,5703927;73,2;6,85658;0,16723;0,5017;19,51058;153,1258459;171,02225;0,09;3,68;132,572727272727;220,4;1,3646
2013-11-01;1,3491;93,86;97,1089365584229;43,91390436;75,1;6,07919;0,26431;0,13216;15,26405;120,5846365;89,90614;0,08;3,64;136,32380952381;220,4;1,3491
2013-12-01;1,3708;97,63;97,0086255116173;99,90745339;82,5;4,95309;0,22773;0,22773;15,08701;124,1559747;104,60212;0,09;4,24;135,790476190476;220,4;1,3708
2014-01-01;1,3618;94,62;97,1601240884801;82,38285245;81,2;6,91453;0,28572;0,45716;15,25769;103,5485547;93,50074;0,07;4,71;128,119047619048;227,4;1,3618
2014-02-01;1,3665;100,82;97,4523883730002;104,5889229;81,6;4,63642;0,05329;0,15988;11,61769;70,57914407;88,98535;0,07;6;121,37;227,4;1,3665
2014-03-01;1,3828;100,8;97,798317003548;60,8667026;80;6,4916;0,35734;0,23822;15,18678;99,97414417;93,46759;0,08;4,9;111,833333333333;237,6;1,3828
2014-04-01;1,381;102,07;98,044347389952;87,16055423;84,1;6,97884;0,48974;0,42853;18,05928;129,5463889;91,11802;0,09;4,66;114,580952380952;238,4;1,381
2014-05-01;1,3739;102,18;98,2590047740628;88,98038157;81,9;4,73668;0,46782;0,46782;13,74222;77,43149688;90,39225;0,09;4,58;100,56;238,4;1,3739
2014-06-01;1,3595;105,79;98,311843514767;72,20944563;82,5;5,12839;0,21823;0,27279;11,83893;105,8055156;81,00762;0,1;4,59;92,8523809523809;238,5;1,3595
2014-07-01;1,3533;103,59;98,3040002641937;63,40941328;81,8;5,95567;0,05956;0,11911;14,05539;94,60066506;76,64489;0,09;4,05;96,2608695652174;238,8;1,3533
2014-08-01;1,3315;96,54;98,3692230847504;96,42634615;82,5;6,39493;0,38926;0,50047;14,34688;77,59931977;71,26214;0,09;3,91;94,1428571428571;239,2;1,3315
2014-09-01;1,2889;93,21;98,594200535405;78,26364072;84,6;3,85924;0,39152;0,27965;11,18619;107,9098285;84,33692;0,09;3,92;84,5227272727273;241,1;1,2889
2014-10-01;1,2677;84,4;98,830323657927;54,67273781;86,9;10,2355;0,30463;0,06093;21,93322;99,81389864;100,20666;0,09;3,78;81,304347826087;246,5;1,2677
2014-11-01;1,2473;75,79;98,7622112187379;131,020044;88,8;5,4036;0,25731;0;13,89496;120,1338512;88,56003;0,09;4,12;74,425;246,5;1,2473
2014-12-01;1,2329;59,29;98,5669555597294;78,02819956;93,6;7,23694;0,18244;0,36489;14,29144;58,89923617;85,1875;0,12;3,48;68,6739130434783;246,5;1,2329
2015-01-01;1,1615;47,22;98,7622112187379;103,8572101;98,1;13,93354;0,81166;0,67639;23,3353;98,03493372;117,16063;0,11;2,99;69,0681818181818;243;1,1615
2015-02-01;1,135;50,58;99,1069014413005;89,55959068;95,4;7,86018;0,54838;0,18279;14,0752;95,11193973;100,31974;0,11;2,87;63,8;240,5;1,135
2015-03-01;1,0819;47,82;99,513099260464;80,16962581;93;5,40476;0,29058;0,05812;12,37864;116,265651;105,21813;0,11;2,83;58,1818181818182;235,4;1,0819
2015-04-01;1,0822;54,45;99,8165092168514;104,3895228;95,9;5,97903;0,40766;0,06794;14,47198;63,93907057;109,64379;0,12;2,61;52,1136363636364;233,8;1,0822
2015-05-01;1,1167;59,27;99,9473676606267;125,8811864;90,7;5,77019;0,40799;0,11657;11,77351;68,25076576;101,01894;0,12;2,85;60,4285714285714;223,2;1,1167
2015-06-01;1,1226;59,82;100,044376286138;58,1676658;96,1;5,77254;0,93294;0,23323;14,92698;95,53624936;108,95279;0,13;2,78;61,8409090909091;222,5;1,1226
2015-07-01;1,0997;50,9;100,078226104402;52,34319462;93,1;11,42785;1,14278;0,49997;23,85563;133,6395202;98,91843;0,13;2,84;52,1739130434783;220,2;1,0997
2015-08-01;1,1136;42,87;100,166978676679;71,64043044;91,9;17,35929;0,30861;0,30861;31,47818;60,20590772;129,69532;0,14;2,77;57,3333333333333;218,1;1,1136
2015-09-01;1,1229;45,48;100,459242961199;104,818745;87,2;10,77771;0,36659;0,51322;24,70809;96,43061547;138,72169;0,14;2,66;56,9772727272727;218;1,1229
2015-10-01;1,1228;46,22;100,717657427455;82,56443505;90;8,63583;0,26369;0,52738;19,64487;87,33976499;102,89402;0,12;2,34;53,6590909090909;212,9;1,1228
2015-11-01;1,0727;42,44;100,754809667013;100,6703263;91,3;6,04683;0,28125;0,28125;13,42958;96,07801009;92,10044;0,12;2,09;47,1904761904762;212,9;1,0727
2015-12-01;1,0889;37,19;100,632620079134;137,3122441;92,6;9,9816;0,37245;0,29796;16,98362;94,53806507;99,34261;0,24;1,93;40,8826086956522;207,3;1,0889
2016-01-01;1,0855;31,68;100,941809272786;91,40321325;92;16,72718;0,33792;0,84481;28,63895;127,4782714;119,01519;0,34;2,28;42,2047619047619;209,7;1,0855
2016-02-01;1,1092;30,32;101,417357939124;49,12534465;91,7;14,16869;0,50967;0;24,87165;108,0552358;114,62456;0,38;1,99;46,4857142857143;208,8;1,1092
2016-03-01;1,1134;37,55;101,697238143792;87,95350804;91;9,38841;1,11972;0,2584;17,74323;155,2279389;104,19081;0,36;1,73;56,5391304347826;208,9;1,1134
2016-04-01;1,1346;40,75;101,958955031342;108,1190625;89;7,01343;0,65751;0,29223;13,29629;165,2380053;84,25134;0,37;1,92;60,9666666666667;204,8;1,1346
2016-05-01;1,1312;46,71;102,186822100629;99,83579694;94,7;5,53371;1,35916;0,38833;14,46531;117,5464314;82,04127;0,37;1,92;55,8863636363636;204,6;1,1312
2016-06-01;1,1232;48,76;102,290022766067;120,3796358;93,5;9,87735;8,82248;0,19179;20,13828;131,4570154;162,62912;0,38;2,59;52,3409090909091;205,6;1,1232
2016-07-01;1,1055;44,65;102,269382632979;101,1825344;90;7,16609;7,61397;0,17915;16,57158;112,3994755;121,96465;0,39;2,82;57,3095238095238;205,7;1,1055
2016-08-01;1,1207;44,72;102,489819254355;77,09684887;89,8;5,83571;2,45714;0,10238;14,33332;116,325771;91,8289;0,4;2,82;60,8695652173913;205,7;1,1207
2016-09-01;1,1218;45,18;102,676818860128;107,3175953;91,2;6,58627;2,02655;0,25332;13,76362;147,5645526;79,80896;0,4;2,99;57,6590909090909;205,7;1,1218
2016-10-01;1,1014;49,78;102,877853756401;104,6382294;87,2;5,74911;2,87455;0,19825;13,28242;106,809263;92,51785;0,4;2,98;58,9523809523809;205,7;1,1014
2016-11-01;1,0792;45,66;102,881568980357;277,9767331;93,8;8,95258;6,54227;0,57388;18,36427;133,0970927;169,37782;0,41;2,55;74,1363636363636;202,7;1,0792
2016-12-01;1,0545;51,97;102,843178332814;223,5604902;98,2;6,08526;1,99517;0,19952;12,27027;130,5673617;115,15205;0,54;3,59;79,4318181818182;206,7;1,0545
2017-01-01;1,0635;52,5;103,234928058816;249,4481416;98,5;6,11925;2,28175;0,20743;17,73544;306,037496;134,86953;0,65;3,3;80,8181818181818;210,9;1,0635
2017-02-01;1,065;53,47;103,672498880273;247,5635413;96,3;5,63704;1,43689;0,22106;15,69529;176,3995805;133,33148;0,66;2,85;88,95;213,8;1,065
2017-03-01;1,0691;49,33;103,73318087155;208,660623;96,9;4,75074;1,9003;0,09501;14,34725;349,0531329;119,77617;0,79;2,88;87,195652173913;216;1,0691
2017-04-01;1,0714;51,06;103,878487408487;162,8100619;97;6,74447;2,60313;0,35497;17,03866;174,1927712;121,57059;0,9;3,1;70,4;216;1,0714
2017-05-01;1,105;48,48;103,958158322205;188,2838042;97,1;4,83553;1,16053;0;11,79869;130,7553519;104,17097;0,91;3,15;61,6304347826087;220,3;1,105
2017-06-01;1,1233;45,18;104,032049998658;201,6878786;95;5,06706;0,99138;0,22031;12,22703;227,6597283;98,75896;1,04;2,98;57,8636363636364;219,6;1,1233
2017-07-01;1,153;46,63;103,999851391042;150,6200572;93,4;5,74074;1,21439;0,3312;14,35185;228,2414925;110,7536;1,15;2,98;66,7380952380952;219,6;1,153
2017-08-01;1,1813;48,04;104,2161599858;125,4631782;96,8;6,25084;0,5897;0,11794;16,15784;164,6848328;109,17827;1,16;2,9;74,5869565217391;222,1;1,1813
2017-09-01;1,1913;49,82;104,414718066102;102,3736787;95,1;3,87956;0,43106;0,17242;9,56958;206,3844492;96,75077;1,15;2,98;69,2380952380952;222,1;1,1913
2017-10-01;1,1755;51,58;104,702441521343;107,9960189;100,7;3,75714;0,71565;0,35782;12,16597;142,533602;102,16057;1,15;2,88;61,0454545454545;222,1;1,1755
2017-11-01;1,1743;56,64;104,642172332727;150,3878823;98,5;5,77657;1,10615;0,24581;15,36321;206,0377588;94,48961;1,16;3,01;63,4090909090909;222,1;1,1743
2017-12-01;1,1836;57,88;104,669417308403;141,8917263;95,9;6,95476;1,22731;0,54547;18,27329;167,6842327;111,49723;1,3;2,82;71,7380952380952;223,7;1,1836
2018-01-01;1,2197;63,7;105,115244183094;120,6551214;95,7;7,08699;1,08107;0,48047;17,5373;265,0796087;123,65156;1,41;3,87;75,7826086956522;226,1;1,2197
2018-02-01;1,234;62,23;105,5879032308;117,812332;99,7;10,79867;1,22712;0,24542;26,62854;149,602152;94,00742;1,42;2,67;77,65;226,2;1,234
2018-03-01;1,2334;62,73;105,929291032069;149,7899075;101,4;9,83779;0,76516;0,10931;17,59871;254,1363255;136,33432;1,51;2,69;71,3181818181818;229,2;1,2334
2018-04-01;1,227;66,25;106,100604136695;171,0598216;98,8;9,04891;0,62406;0,10401;17,05771;241,739357;108,21374;1,69;2,8;66,3333333333333;229,2;1,227
2018-05-01;1,1823;69,98;106,283888518513;175,2114079;98;7,0164;1,02057;0,76543;15,94637;210,7990925;124,93665;1,7;2,8;66,6304347826087;228,5;1,1823
2018-06-01;1,1679;67,87;106,378007525393;150,5158108;98,2;6,68413;0,79303;0,33987;12,34865;203,0892821;108,6274;1,82;2,97;66,8571428571429;228,5;1,1679
2018-07-01;1,1685;70,98;106,44818397789;196,5221071;97,9;5,28928;1,05786;0,11754;12,57674;395,6720601;133,08625;1,91;2,83;67,0454545454545;244,7;1,1685
2018-08-01;1,1547;68,06;106,508040363844;143,6970221;96,2;6,08392;1,23932;0,22533;14,98447;269,4765344;99,13562;1,91;2,96;68,0217391304348;220,1;1,1547
2018-09-01;1,1667;70,23;106,680179073795;79,47310311;100,1;6,16317;0,61632;0,30816;18,33542;314,0877032;102,6602;1,95;3;68,8;213,9;1,1667
2018-10-01;1,1488;70,75;106,941895961345;103,7215692;98,6;10,93542;1,42636;0,47545;24,36698;343,3703494;111,51257;2,19;3,28;72,0217391304348;219,9;1,1488
2018-11-01;1,1364;56,96;106,959233673139;156,1780515;97,5;8,82102;1,82504;0,30417;22,66091;438,2358972;130,22387;2,2;4,09;72,2954545454545;219,9;1,1364
2018-12-01;1,138;49,52;106,95015201458;154,8508354;98,3;17,20615;5,43352;0,60372;39,39303;248,4691029;166,28681;2,27;4,04;68,9047619047619;216,5;1,138
2019-01-01;1,1418;51,38;107,37905398014;211,221614;91,2;15,38001;2,80981;0,88731;38,00638;288,099468498562;201,03201;2,4;3,11;75,2;216,8;1,1418
2019-02-01;1,1349;54,95;107,788554220598;263,6796844;93,8;6,01941;1,25404;0,1254;16,67877;239,986444362618;106,90066;2,4;2,69;87,59;216,8;1,1349
2019-03-01;1,1296;58,15;108,086597742382;165,9910569;98,4;7,36559;1,47312;0,29462;20,77096;411,150064266454;140,24737;2,41;2,95;87,0714285714286;214,5;1,1296
2019-04-01;1,1234;63,86;108,291347862611;94,5296649;97,2;8,54855;1,088;0,62171;18,8068;319,414764482013;98,7367;2,42;2,65;94,5;211,1;1,1234
2019-05-01;1,1187;60,83;108,397850949343;116,1994316;100;8,31456;1,25978;0,12598;19,52662;365,101499996138;122,53876;2,39;2,64;101,760869565217;211,1;1,1187
2019-06-01;1,1295;54,66;108,640166111791;173,196342;98,2;8,85714;0,55357;0,13839;19,79016;649,072535816154;150,11678;2,38;2,4;109,55;208,9;1,1295
2019-07-01;1,1211;57,35;108,800746347212;131,1424573;98,4;7,66063;0,68094;0,17024;21,44975;375,902337503833;149,9729;2,4;2,37;119,586956521739;201,6;1,1211
2019-08-01;1,1129;54,81;109,049666352249;188,6663965;89,8;13,46514;2,78084;0,14636;30,882;395,985799059666;190,46323;2,13;2,22;93,5;199,1;1,1129
2019-09-01;1,1011;56,95;109,195385691847;346,612379;93,2;6,8778;2,19504;0,58535;16,24333;347,394796595017;134,36178;2,04;2,56;92,2619047619048;195,7;1,1011
2019-10-01;1,1058;53,96;109,417060721208;199,8493538;95,5;6,37777;2,44481;0,1063;13,9248;234,095232475743;118,48822;1,83;2,33;88,5869565217391;195,7;1,1058
2019-11-01;1,1051;57,03;109,437288051633;170,0483914;96,8;7,80095;2,10026;0,30004;18,75229;396,179000284422;131,75071;1,55;2,65;82,9047619047619;195,7;1,1051
2019-12-01;1,1114;59,88;109,36587319115;242,8845589;99,3;9,44482;4,25017;0,47224;21,40826;337,921465033862;143,46725;1,55;2,22;90,9772727272727;183,4;1,1114
2020-01-01;1,1098;57,52;109,807159236563;209,3470847;99,8;7,77929;1,18667;0,79111;15,69044;250,321903500956;131,39109;1,55;2,02;95,2173913043478;203,7;1,1098
2020-02-01;1,0911;50,54;110,328941801017;205,0062418;101;9,71045;2,51132;1,17195;24,44355;195,706169373674;160,51565;1,58;1,91;87,625;234,8;1,0911
2020-03-01;1,1046;29,21;110,347105118134;276,603415;89,1;28,48914;2,61969;0,65492;63,36377;219,402508980348;283,14721;0,65;1,79;88,6590909090909;216,3;1,1046
2020-04-01;1,0871;16,55;109,842247462812;245,285638;71,8;16,17076;0,87885;0,35154;38,31768;328,805400300115;268,61639;0,05;1,74;83,75;179,2;1,0871
2020-05-01;1,0907;28,56;109,722534690904;221,9758722;72,3;13,37665;0,83604;0,62703;35,74074;501,33444442373;350,45982;0,05;1,75;91,3333333333333;166,9;1,0907
2020-06-01;1,1259;38,31;109,930174429765;138,3028987;78,1;14,52186;1,6756;0,18618;37,04935;421,641110933879;231,2598;0,08;1,63;103,340909090909;154,6;1,1259
2020-07-01;1,1488;40,71;110,508510958879;133,1777329;72,5;11,19963;1,2444;0,15555;28,31019;324,662566170534;305,96355;0,09;1,77;108,021739130435;154,6;1,1488
2020-08-01;1,1831;42,34;110,943192161703;202,7847937;74,1;10,43395;1,14121;0,16303;29,67155;451,631087851069;224,42637;0,1;2,3;120,071428571429;154,6;1,1831
2020-09-01;1,1785;39,63;111,066207354905;184,3543472;80,4;8,31044;2,00066;0;20,93;493,402039705619;218,05829;0,09;1,92;123;154,6;1,1785
2020-10-01;1,1768;39,4;111,179315284225;272,16406;81,8;10,83274;3,95481;0,51584;30,43484;396,79674987595;249,17362;0,09;2,39;119,25;154,6;1,1768
2020-11-01;1,1826;40,94;111,239171670179;234,7634116;76,9;6,27119;1,98843;0,15296;20,4961;661,82804828749;246,7071;0,09;2,61;123,52380952381;154,6;1,1826
2020-12-01;1,2168;47,02;111,137209412726;299,8446191;80,7;9,15866;1,86565;0,33921;22,38783;439,123635430217;246,1261;0,09;2,59;153,065217391304;154,6;1,2168
2021-01-01;1,2178;52;111,355582020793;180,8233972;79;9,94873;1,20071;0,34306;26,75866;378,35705309334;207,91242;0,09;2,71;166,738095238095;158;1,2178
2021-02-01;1,2094;59,04;111,744029325501;207,0713994;76,8;9,00216;0,80376;0,32151;24,27369;237,408613576867;151,93288;0,08;5,35;162,325;158;1,2094
2021-03-01;1,1902;62,33;112,163849632502;145,2818833;84,9;10,25403;0,96132;0,48066;29,48034;302,30058172503;139,8012;0,07;2,62;166,739130434783;160,3;1,1902
2021-04-01;1,1965;61,72;113,094719634752;103,877858;88,3;8,22529;1,6128;0,32256;24,67586;289,630033571675;124,88952;0,07;2,66;178,25;160,3;1,1965
2021-05-01;1,2146;65,17;113,889364758624;167,901495;82,9;7,20859;0;1,07362;19,78528;216,860559066636;147,01584;0,06;2,91;202,857142857143;160,4;1,2146
2021-06-01;1,2048;71,38;114,849130947196;176,7582079;85,5;8,84892;1,1912;0,51051;21,95214;219,762804790051;133,57887;0,08;3,26;215,815789473684;160,4;1,2048
2021-07-01;1,1821;72,49;115,232211817302;244,3479261;81,2;6,06697;0,24268;0,12134;16,62349;227,924511338185;152,91092;0,1;3,84;214,340909090909;163,945;1,1821
2021-08-01;1,1767;67,73;115,381233578194;95,08021794;70,3;7,92535;0,51687;0,17229;19,64108;294,827804953211;133,81455;0,09;4,07;162,090909090909;163,945;1,1767
2021-09-01;1,1765;71,65;115,536860181674;326,1647915;72,8;9,29071;0;0,33784;23,48017;274,950023143039;142,06763;0,08;5,16;113,71875;164,115;1,1765
2021-10-01;1,16;81,48;116,25224719449;259,7489046;71,7;10,16467;0,64538;0;19,68397;248,473635337268;121,9515;0,08;5,51;114,47619047619;164,115;1,16
2021-11-01;1,1416;79,15;116,721603820901;411,2888056;67,4;6,13962;0,57113;0;14,1354;329,069390994896;151,28684;0,08;5,05;90,1315789473684;164,115;1,1416
2021-12-01;1,1301;71,71;117,197978092563;266,2633128;70,6;6,85835;0,44728;0;16,6986;344,003352178407;166,24265;0,08;3,76;110,45652173913;164,115;1,1301
2022-01-01;1,1317;83,22;118,0599100503;209,0009394;67,2;7,85009;0,14537;0;20,49747;319,071530807706;139,23758;0,08;4,38;133,045454545455;169,263;1,1317
2022-02-01;1,1349;91,64;118,911521941494;221,277325;62,8;11,67073;0;0,31543;23,02603;167,081875584505;138,05353;0,08;4,69;139,7;172,966;1,1349
2022-03-01;1,1019;108,5;119,425874058036;229,6155689;59,4;13,26689;0,67005;0,40203;23,04955;359,005178984309;190,01241;0,2;4,9;147,347826086957;172,966;1,1019
2022-04-01;1,0803;101,78;120,062002959795;225,9682532;65,2;8,56844;0,31735;0;20,31038;337,153789726457;154,66196;0,33;6,6;146,666666666667;172,966;1,0803
2022-05-01;1,0567;109,55;120,747255378303;235,5590969;58,4;13,17406;0,75713;0;27,86238;386,750242902272;168,00083;0,77;8,14;131,090909090909;173,642;1,0567
2022-06-01;1,0567;114,84;121,644688364951;189,2958277;50;7,02604;0;0;17,10111;328,094950109791;145,97594;1,21;7,7;131,045454545455;173,642;1,0567
2022-07-01;1,0168;101,62;122,043455736203;336,7758492;51,5;10,19659;0,31864;0,63729;24,53555;359,977442421623;186,92141;1,68;7,28;109,047619047619;182,81;1,0168
2022-08-01;1,0129;93,67;122,675869414006;255,6456167;58,2;5,76525;0;0,54389;14,14119;260,880966957428;163,23982;2,33;8,81;109,065217391304;182,81;1,0129
2022-09-01;0,9899;84,26;123,19765197846;NA;58,6;7,08671;0,36655;0;16,86149;242,556936393941;174,18347;2,56;7,88;100,840909090909;182,81;0,9899
2022-10-01;0,9853;87,55;123,558028702169;NA;59,9;9,56356;0;0;20,86594;259,049214802676;177,42313;3,08;5,66;94,6190476190476;182,81;0,9853
2022-11-01;1,0192;84,37;123,675677460768;NA;56,8;6,03975;0,54907;0;17,70746;448,588845798041;171,73726;3,78;5,45;94,5681818181818;182,81;1,0192
2022-12-01;1,0591;76,44;123,887445226247;NA;59,7;10,52259;0,31887;0;21,68291;310,496979941266;136,43315;4,1;5,53;111,409090909091;NA;1,0591
2023-01-01;1,0777;78,12;NA;NA;64,9;9,00673;0,16083;0;21,23016;275,41359579382;143,09963;4,33;3,27;122,431818181818;NA;1,0777
2023-02-01;1,0702;76,83;NA;NA;NA;NA;NA;NA;NA;364,287677422576;126,04323;4,57;2,38;NA;NA;1,0702
